﻿Designator,Footprint,Quantity,Value,LCSC Part #
"BT1_6, BT1_5, BT1_4, BT1_3, BT1_2, BT1",PinHeader_1x02_P2.54mm_Vertical,6,Battery_Cell,
"C1_6, C1_5, C1_4, C1_3, C1_2, C1",0805,6,4.7u,
"C2_6, C2_5, C2_4, C2_3, C2_2, C2",0603,6,22uF,
"D1_6, D1_5, D1_4, D1_3, D1_2, D1, D2_6, D2_5, D2_4, D2_3, D2_2, D2",D_SMA_Handsoldering,12,D_Schottky,
"D3_6, D3_5, D3_4, D3_3, D3_2, D3",0805,6,LED,
"F1_6, F1_5, F1_4, F1_3, F1_2, F1",1206,6,Polyfuse,
"J1_6, J1_5, J1_4, J1_3, J1_2, J1",CONN_10118192-0002LF_AMP,6,USB_B_Micro,
"J2_6, J2_5, J2_4, J2_3, J2_2, J2",USB_C_Receptacle_GCT_USB4105-xx-A_16P_TopMnt_Horizontal,6,USB_C_Receptacle_USB2.0_16P,
"J3_6, J3_5, J3_4, J3_3, J3_2, J3",USB_A_Molex_67643_Horizontal,6,USB_A,
"L1_6, L1_5, L1_4, L1_3, L1_2, L1",TMPA 1005SV-4R7MN-D,6,4.7u,
"LOGO1_6, LOGO1_5, LOGO1_4, LOGO1_3, LOGO1_2, LOGO1",ieee,6,Logo_Open_Hardware_Small,
"R1_6, R1_5, R1_4, R1_3, R1_2, R1",0603,6,91k,
"R2_6, R2_5, R2_4, R2_3, R2_2, R2, R4_6, R4_5, R4_4, R4_3, R4_2, R4, R5_6, R5_5, R5_4, R5_3, R5_2, R5",0805,18,10k,
"R3_6, R3_5, R3_4, R3_3, R3_2, R3",0603,6,220,
"U1_6, U1_5, U1_4, U1_3, U1_2, U1",SOT-23-6,6,TLV61070ADBV,
